Assembly,SRA_Accession,Submitters,Release_Date,Isolate,Species,Genus,Family,Molecule_type,Sequence_Type,Genotype,Segment,Publications,Geo_Location,Country,USA,Host,Isolation_Source,Collection_Date,BioSample,GenBank_Title
GCF_018587745.1,NA,"Morandini,V., Dugger,K., Ballard,G., Elrod,M., Schmidt,A., Ruoppolo,V., Lescroel,A., Jongsomjit,D., Massaro,M., Schmidlin,K., Kraberger,S., Ainley,D., Varsani,A.",2021-06-01T16:46:20Z,Croz_chick,Penguin circovirus,Circovirus,Circoviridae,ssDNA(+/-),RefSeq,NA,NA,NA,Antarctica,Antarctica,NA,Pygoscelis adeliae,NA,2018-12,NA,ASM1858774v1
GCF_018587295.1,NA,"Zhang,H.H., Hu,W.Q., Li,J.Y., Liu,T.N., Opriessnig,T., Zhou,J.Y., Xiao,C.T., Xiao,C.-T., Zhang,H.-H., Hu,W.-Q.",2021-06-01T16:44:50Z,NA,Porcine circovirus 4,Circovirus,Circoviridae,ssDNA(+/-),RefSeq,NA,NA,1,China,China,NA,Sus scrofa,blood,2019-02,NA,ASM1858729v1
GCF_004788015.1,NA,"Wu,Z., Lu,L., Du,J., Yang,L., Ren,X., Liu,B., Jiang,J., Yang,J., Dong,J., Sun,L., Zhu,Y., Li,Y., Zheng,D., Zhang,C., Su,H., Zheng,Y., Zhou,H., Zhu,G., Li,H., Chmura,A., Yang,F., Daszak,P., Wang,J., Liu,Q., Jin,Q.",2021-06-01T15:56:27Z,RtAc-CV-2/GZ2015,Rodent associated circovirus 2,Circovirus,Circoviridae,ssDNA(+/-),RefSeq,NA,NA,1,China,China,NA,Apodemus chevrieri,NA,2015-12,NA,ASM478801v1
GCF_004787995.1,NA,"Wu,Z., Lu,L., Du,J., Yang,L., Ren,X., Liu,B., Jiang,J., Yang,J., Dong,J., Sun,L., Zhu,Y., Li,Y., Zheng,D., Zhang,C., Su,H., Zheng,Y., Zhou,H., Zhu,G., Li,H., Chmura,A., Yang,F., Daszak,P., Wang,J., Liu,Q., Jin,Q.",2021-06-01T15:56:18Z,RtMc-CV-2/Tibet2014,Rodent associated circovirus 3,Circovirus,Circoviridae,ssDNA(+/-),RefSeq,NA,NA,1,China,China,NA,Neodon clarkei,NA,2014-12,NA,ASM478799v1
GCF_004787975.1,NA,"Wu,Z., Lu,L., Du,J., Yang,L., Ren,X., Liu,B., Jiang,J., Yang,J., Dong,J., Sun,L., Zhu,Y., Li,Y., Zheng,D., Zhang,C., Su,H., Zheng,Y., Zhou,H., Zhu,G., Li,H., Chmura,A., Yang,F., Daszak,P., Wang,J., Liu,Q., Jin,Q.",2021-06-01T15:56:09Z,RtAd-CV/SAX2015,Rodent associated circovirus 6,Circovirus,Circoviridae,ssDNA(+/-),RefSeq,NA,NA,1,China,China,NA,Apodemus draco,NA,2015-06,NA,ASM478797v1
GCF_004787955.1,NA,"Wu,Z., Lu,L., Du,J., Yang,L., Ren,X., Liu,B., Jiang,J., Yang,J., Dong,J., Sun,L., Zhu,Y., Li,Y., Zheng,D., Zhang,C., Su,H., Zheng,Y., Zhou,H., Zhu,G., Li,H., Chmura,A., Yang,F., Daszak,P., Wang,J., Liu,Q., Jin,Q.",2021-06-01T15:56:00Z,RtMc-CV-1/Tibet2014,Rodent associated circovirus 1,Circovirus,Circoviridae,ssDNA(+/-),RefSeq,NA,NA,1,China,China,NA,Neodon clarkei,NA,2014-12,NA,ASM478795v1
GCF_004787935.1,NA,"Wu,Z., Lu,L., Du,J., Yang,L., Ren,X., Liu,B., Jiang,J., Yang,J., Dong,J., Sun,L., Zhu,Y., Li,Y., Zheng,D., Zhang,C., Su,H., Zheng,Y., Zhou,H., Zhu,G., Li,H., Chmura,A., Yang,F., Daszak,P., Wang,J., Liu,Q., Jin,Q.",2021-06-01T15:55:50Z,RtAs-CV/IM2014,Rodent associated circovirus 4,Circovirus,Circoviridae,ssDNA(+/-),RefSeq,NA,NA,1,China,China,NA,Orientallactaga sibirica,NA,2014-05,NA,ASM478793v1
GCF_004787915.1,NA,"Wu,Z., Lu,L., Du,J., Yang,L., Ren,X., Liu,B., Jiang,J., Yang,J., Dong,J., Sun,L., Zhu,Y., Li,Y., Zheng,D., Zhang,C., Su,H., Zheng,Y., Zhou,H., Zhu,G., Li,H., Chmura,A., Yang,F., Daszak,P., Wang,J., Liu,Q., Jin,Q.",2021-06-01T15:55:41Z,RtRf-CV-2/YN2013,Rodent associated cyclovirus 1,Cyclovirus,Circoviridae,ssDNA(+/-),RefSeq,NA,NA,1,China,China,NA,Rattus flavipectus,NA,2013-07,NA,ASM478791v1
GCF_004787895.1,NA,"Wu,Z., Lu,L., Du,J., Yang,L., Ren,X., Liu,B., Jiang,J., Yang,J., Dong,J., Sun,L., Zhu,Y., Li,Y., Zheng,D., Zhang,C., Su,H., Zheng,Y., Zhou,H., Zhu,G., Li,H., Chmura,A., Yang,F., Daszak,P., Wang,J., Liu,Q., Jin,Q.",2021-06-01T15:55:31Z,RtNe-CV/YN2013,Rodent associated circovirus 5,Circovirus,Circoviridae,ssDNA(+/-),RefSeq,NA,NA,1,China,China,NA,Niviventer eha,NA,2013-07,NA,ASM478789v1
GCF_004787875.1,NA,"Wu,Z., Lu,L., Du,J., Yang,L., Ren,X., Liu,B., Jiang,J., Yang,J., Dong,J., Sun,L., Zhu,Y., Li,Y., Zheng,D., Zhang,C., Su,H., Zheng,Y., Zhou,H., Zhu,G., Li,H., Chmura,A., Yang,F., Daszak,P., Wang,J., Liu,Q., Jin,Q.",2021-06-01T15:55:22Z,RtRs-CV/YN2013,Rodent associated cyclovirus 2,Cyclovirus,Circoviridae,ssDNA(+/-),RefSeq,NA,NA,1,China,China,NA,Rattus tanezumi sladeni,NA,2013-07,NA,ASM478787v1
GCF_004050755.1,NA,"Liu,H.H., Liu,Q.",2021-06-01T15:51:25Z,hlj-Ic.518,Tick associated circovirus 2,Circovirus,Circoviridae,ssDNA(+/-),RefSeq,NA,NA,NA,China: Heilongjiang,China,NA,NA,NA,NA,NA,ASM405075v1
GCF_004049235.1,NA,"Zhu,A., He,B., Tu,C.",2021-06-01T15:51:15Z,Mengyuan2,Bat associated circovirus 11,Circovirus,Circoviridae,ssDNA(+/-),RefSeq,NA,NA,NA,China,China,NA,Hipposideros armiger,NA,2011,NA,ASM404923v1
GCF_004040795.1,NA,"Tang,H.-B., Jiang,J., Wu,J.",2021-06-01T15:51:05Z,FJ01,Rodent associated circovirus 7,Circovirus,Circoviridae,ssDNA(+/-),RefSeq,NA,NA,NA,China: Fujian,China,NA,Rhizomys pruinosus,NA,2014-06,NA,ASM404079v1
GCF_004129215.1,NA,"White,D.J., Hall,R.J., Wang,J., Park,D., Moore,N., McInnes,K., Gartrell,B., Tompkins,D.",2019-02-12T15:25:00Z,JWNM 090913,Apteryx rowi circovirus-like virus,NA,Circoviridae,ssDNA(+/-),RefSeq,NA,NA,NA,New Zealand,New Zealand,NA,Apteryx rowi,feces,2013-09-01,NA,ASM412921v1
GCF_004133805.1,NA,"Sadeghi,M., Altan,E., Deng,X., Barker,C.M., Fang,Y., Coffey,L.L., Delwart,E., Coffey,L.",2019-02-12T15:06:44Z,NA,Mosquito associated circovirus 1,Circovirus,Circoviridae,ssDNA(+/-),RefSeq,NA,NA,1,USA,USA,NA,Culex,NA,2016-07-02,NA,ASM413380v1
GCF_004133105.1,NA,"Islam,S.U., Lin,W., Wu,R., Lin,C., Islam,W., Arif,M., Du,Z., Wu,Z., Ui Islam,S.",2019-02-12T15:04:33Z,DfCyV-FZ1,Dragonfly associated cyclovirus,Cyclovirus,Circoviridae,ssDNA(+/-),RefSeq,NA,NA,1,China: Fuzhou,China,NA,Epiprocta,abdominal cavity,2016-09-10,NA,ASM413310v1
GCF_004133005.1,NA,"Beattie,D.T., Lachnit,T., Dinsdale,E.A., Thomas,T., Steinberg,P.D.",2019-02-12T15:03:49Z,NA,Ecklonia radiata-associated virus 5,NA,Circoviridae,ssDNA(+/-),RefSeq,NA,NA,NA,Australia,Australia,NA,Ecklonia radiata,NA,2014-06-01,NA,ASM413300v1
GCF_004132985.1,NA,"Beattie,D.T., Lachnit,T., Dinsdale,E.A., Thomas,T., Steinberg,P.D.",2019-02-12T15:03:38Z,NA,Ecklonia radiata-associated virus 3,NA,Circoviridae,ssDNA(+/-),RefSeq,NA,NA,NA,Australia,Australia,NA,Ecklonia radiata,NA,2014-06-01,NA,ASM413298v1
GCF_004132965.1,NA,"Beattie,D.T., Lachnit,T., Dinsdale,E.A., Thomas,T., Steinberg,P.D.",2019-02-12T14:35:35Z,NA,Ecklonia radiata-associated virus 1,NA,Circoviridae,ssDNA(+/-),RefSeq,NA,NA,NA,Australia,Australia,NA,Ecklonia radiata,NA,2014-06-01,NA,ASM413296v1
GCF_004130795.1,NA,"Nishizawa,T., Sugimoto,Y., Takeda,T., Kodera,Y., Hatano,Y., Takahashi,M., Okamoto,H.",2019-02-12T14:26:56Z,Pl-CV3,Civet circovirus,Circovirus,Circoviridae,ssDNA(+/-),RefSeq,NA,NA,1,Japan:Tochigi,Japan,NA,Paguma larvata,blood,2015-05-07,NA,ASM413079v1
GCF_004133245.1,NA,"Lima,D.A., Roehe,P.M.",2019-02-12T14:13:56Z,NA,Chicken associated cyclovirus 2,Cyclovirus,Circoviridae,ssDNA(+/-),RefSeq,NA,NA,NA,Brazil,Brazil,NA,Gallus gallus,feces,2015,NA,ASM413324v1
GCF_004133045.1,NA,"Beattie,D.T., Lachnit,T., Dinsdale,E.A., Thomas,T., Steinberg,P.D.",2019-02-12T14:13:16Z,NA,Ecklonia radiata-associated virus 8,NA,Circoviridae,ssDNA(+/-),RefSeq,NA,NA,NA,Australia,Australia,NA,Ecklonia radiata,NA,2014-06-01,NA,ASM413304v1
GCF_004133825.1,NA,"Sadeghi,M., Altan,E., Deng,X., Barker,C.M., Fang,Y., Coffey,L.L., Delwart,E., Coffey,L.",2019-02-12T13:51:28Z,NA,Mosquito associated circovirus 1,Circovirus,Circoviridae,ssDNA(+/-),RefSeq,NA,NA,1,USA,USA,NA,Culex,NA,2016-07-02,NA,ASM413382v1
GCF_004133025.1,NA,"Beattie,D.T., Lachnit,T., Dinsdale,E.A., Thomas,T., Steinberg,P.D.",2019-02-12T13:48:15Z,NA,Ecklonia radiata-associated virus 7,NA,Circoviridae,ssDNA(+/-),RefSeq,NA,NA,NA,Australia,Australia,NA,Ecklonia radiata,NA,2014-06-01,NA,ASM413302v1
GCF_004045915.1,NA,"Salmier,A., Tirera,S., de Thoisy,B., Franc,A., Darcissac,E., Donato,D., Bouchier,C., Lacoste,V., Lavergne,A., Alain,F.",2019-02-12T13:20:50Z,MmoCV_MU_36925,Molossus molossus circovirus 4,Circovirus,Circoviridae,ssDNA(+/-),RefSeq,NA,NA,1,French Guiana,French Guiana,NA,Molossus molossus,NA,NA,NA,ASM404591v1
GCF_004045975.1,NA,"Salmier,A., Tirera,S., de Thoisy,B., Franc,A., Darcissac,E., Donato,D., Bouchier,C., Lacoste,V., Lavergne,A., Alain,F.",2019-02-12T13:19:00Z,MmoCV_MF_77202,Molossus molossus circovirus 1,Circovirus,Circoviridae,ssDNA(+/-),RefSeq,NA,NA,1,French Guiana,French Guiana,NA,Molossus molossus,NA,NA,NA,ASM404597v1
GCF_004045955.1,NA,"Salmier,A., Tirera,S., de Thoisy,B., Franc,A., Darcissac,E., Donato,D., Bouchier,C., Lacoste,V., Lavergne,A., Alain,F.",2019-02-12T13:18:47Z,MmoCV_MF_110233,Molossus molossus circovirus 2,Circovirus,Circoviridae,ssDNA(+/-),RefSeq,NA,NA,1,French Guiana,French Guiana,NA,Molossus molossus,NA,NA,NA,ASM404595v1
GCF_004041515.1,NA,"Takano,T., Hohdatsu,T.",2019-02-12T13:18:34Z,NA,Feline stool-associated circular virus KU14,Circovirus,Circoviridae,ssDNA(+/-),RefSeq,NA,NA,NA,"Japan: Aomori, Towada",Japan,NA,Felis catus,NA,2018,NA,ASM404151v1
GCF_004045935.1,NA,"Salmier,A., Tirera,S., de Thoisy,B., Franc,A., Darcissac,E., Donato,D., Bouchier,C., Lacoste,V., Lavergne,A., Alain,F.",2019-02-12T13:18:06Z,MmoCV_MF_180744,Molossus molossus circovirus 3,Circovirus,Circoviridae,ssDNA(+/-),RefSeq,NA,NA,1,French Guiana,French Guiana,NA,Molossus molossus,NA,NA,NA,ASM404593v1
GCF_003986365.1,NA,"Ng,T.F.F., Alavandi,S., Varsani,A., Burghart,S., Breitbart,M.",2019-02-12T13:12:39Z,FL2009,Farfantepenaeus duorarum circovirus,Circovirus,Circoviridae,ssDNA(+/-),RefSeq,NA,NA,NA,USA,USA,NA,Penaeus duorarum,NA,2009-07-01,NA,ASM398636v1
GCF_003985485.1,NA,"van den Brand,J.M., van Leeuwen,M., Schapendonk,C.M., Simon,J.H., Haagmans,B.L., Osterhaus,A.D., Smits,S.L., van den Brand,J.M.A., Osterhaus,A.D.M.E.",2019-02-12T13:12:25Z,NA,Meles meles circovirus-like virus,NA,Circoviridae,ssDNA(+/-),RefSeq,NA,NA,1,Netherlands,Netherlands,NA,Meles meles,feces,2008,NA,ASM398548v1
GCF_003847225.1,NA,"Rosario,K., Mettel,K.A., Benner,B.E., Johnson,R., Scott,C., Yusseff-Vanegas,S.Z., Baker,C.C., Cassill,D.L., Storer,C., Varsani,A., Breitbart,M.",2019-02-12T12:58:41Z,KY_I1338b_D1_CN,Ant associated cyclovirus 1,Cyclovirus,Circoviridae,ssDNA(+/-),RefSeq,NA,NA,1,Kenya,Kenya,NA,Crematogaster nigriceps,NA,2011-07,NA,ASM384722v1
GCF_003847125.1,NA,"Rosario,K., Mettel,K.A., Benner,B.E., Johnson,R., Scott,C., Yusseff-Vanegas,S.Z., Baker,C.C., Cassill,D.L., Storer,C., Varsani,A., Breitbart,M.",2019-02-12T12:58:16Z,BC_I1647E_H3,Spider associated cyclovirus 1,Cyclovirus,Circoviridae,ssDNA(+/-),RefSeq,NA,NA,1,"Canada: Victoria, British Columbia",Canada,NA,NA,NA,2017-05,NA,ASM384712v1
GCF_003033015.1,NA,"Wu,Z., Yang,L., Ren,X., He,G., Zhang,J., Yang,J., Qian,Z., Dong,J., Sun,L., Zhu,Y., Du,J., Yang,F., Zhang,S., Jin,Q.",2018-08-26T16:29:38Z,BtRf-CV-61/YN2010,Bat associated circovirus 9,Circovirus,Circoviridae,ssDNA(+/-),RefSeq,NA,NA,1,China,China,NA,Rhinolophus ferrumequinum,NA,2010-12,NA,ASM303301v1
GCF_002820205.1,NA,"Tan Le,V., van Doorn,H.R., Nghia,H.D., Chau,T.T., Tu Le,T.P., de Vries,M., Canuti,M., Deijs,M., Jebbink,M.F., Baker,S., Bryant,J.E., Tham,N.T., Bkrong,N.T., Boni,M.F., Loi,T.Q., Phuong Le,T., Verhoeven,J.T., Crusat,M., Jeeninga,R.E., Schultsz,C., Chau,N.V., Hien,T.T., van der Hoek,L., Farrar,J., de Jong,M.D., Tan,L.V., Nghia,H.D.T., Chau,T.T.H., Tu,L.T.P., Chinh BKrong,N.T.T., Phuong,L.T., Verhoeven,J.T.P., Chau,N.V.V.",2018-08-25T01:10:23Z,hcf2,Human associated cyclovirus 8,Cyclovirus,Circoviridae,ssDNA(+/-),RefSeq,NA,NA,1,Viet Nam,Viet Nam,NA,Homo sapiens,cerebrospinal fluid,2009,NA,ASM282020v1
GCF_002819965.1,NA,"Dayaram,A., Potter,K.A., Moline,A.B., Rosenstein,D.D., Marinov,M., Thomas,J.E., Breitbart,M., Rosario,K., Arguello-Astorga,G.R., Varsani,A., Potter,K., Argueello-Astorga,G.R.",2018-08-25T01:10:18Z,DfCyV-4_US-DFKWGX-2012,Dragonfly associated cyclovirus 4,Cyclovirus,Circoviridae,ssDNA(+/-),RefSeq,NA,NA,1,USA,USA,NA,Rhionaeschna multicolor,NA,2012-06,NA,ASM281996v1
GCF_002820225.1,NA,"Delwart,E.",2018-08-25T01:03:54Z,NA,Human associated cyclovirus 11,Cyclovirus,Circoviridae,ssDNA(+/-),RefSeq,NA,NA,NA,Sri Lanka,Sri Lanka,NA,Homo sapiens,cerebrospinal fluid,2009,NA,ASM282022v1
GCF_002820185.1,NA,"Li,L., Kapoor,A., Slikas,B., Bamidele,O.S., Wang,C., Shaukat,S., Masroor,M.A., Wilson,M.L., Ndjango,J.B., Peeters,M., Gross-Camp,N.D., Muller,M.N., Hahn,B.H., Wolfe,N.D., Triki,H., Bartkus,J., Zaidi,S.Z., Delwart,E.",2018-08-25T01:03:51Z,NG14,Human associated cyclovirus 7,Cyclovirus,Circoviridae,ssDNA(+/-),RefSeq,NA,NA,1,Nigeria,Nigeria,NA,Homo sapiens,feces,2007,NA,ASM282018v1
GCF_002820165.1,NA,"Li,L., Kapoor,A., Slikas,B., Bamidele,O.S., Wang,C., Shaukat,S., Masroor,M.A., Wilson,M.L., Ndjango,J.B., Peeters,M., Gross-Camp,N.D., Muller,M.N., Hahn,B.H., Wolfe,N.D., Triki,H., Bartkus,J., Zaidi,S.Z., Delwart,E.",2018-08-25T01:03:48Z,NG12,Human associated cyclovirus 6,Cyclovirus,Circoviridae,ssDNA(+/-),RefSeq,NA,NA,1,Nigeria,Nigeria,NA,Homo sapiens,feces,2007,NA,ASM282016v1
GCF_002820145.1,NA,"Li,L., Kapoor,A., Slikas,B., Bamidele,O.S., Wang,C., Shaukat,S., Masroor,M.A., Wilson,M.L., Ndjango,J.B., Peeters,M., Gross-Camp,N.D., Muller,M.N., Hahn,B.H., Wolfe,N.D., Triki,H., Bartkus,J., Zaidi,S.Z., Delwart,E.",2018-08-25T01:03:46Z,PK5034,Human associated cyclovirus 5,Cyclovirus,Circoviridae,ssDNA(+/-),RefSeq,NA,NA,1,Pakistan,Pakistan,NA,Homo sapiens,feces,2007,NA,ASM282014v1
GCF_002820125.1,NA,"Li,L., Kapoor,A., Slikas,B., Bamidele,O.S., Wang,C., Shaukat,S., Masroor,M.A., Wilson,M.L., Ndjango,J.B., Peeters,M., Gross-Camp,N.D., Muller,M.N., Hahn,B.H., Wolfe,N.D., Triki,H., Bartkus,J., Zaidi,S.Z., Delwart,E.",2018-08-25T01:03:43Z,TN25,Human associated cyclovirus 4,Cyclovirus,Circoviridae,ssDNA(+/-),RefSeq,NA,NA,1,Tunisia,Tunisia,NA,Homo sapiens,feces,2007,NA,ASM282012v1
GCF_002820105.1,NA,"Li,L., Kapoor,A., Slikas,B., Bamidele,O.S., Wang,C., Shaukat,S., Masroor,M.A., Wilson,M.L., Ndjango,J.B., Peeters,M., Gross-Camp,N.D., Muller,M.N., Hahn,B.H., Wolfe,N.D., Triki,H., Bartkus,J., Zaidi,S.Z., Delwart,E.",2018-08-25T01:03:39Z,PK5222,Human associated cyclovirus 3,Cyclovirus,Circoviridae,ssDNA(+/-),RefSeq,NA,NA,1,Pakistan,Pakistan,NA,Homo sapiens,feces,2006,NA,ASM282010v1
GCF_002820065.1,NA,"Li,L., Kapoor,A., Slikas,B., Bamidele,O.S., Wang,C., Shaukat,S., Masroor,M.A., Wilson,M.L., Ndjango,J.B., Peeters,M., Gross-Camp,N.D., Muller,M.N., Hahn,B.H., Wolfe,N.D., Triki,H., Bartkus,J., Zaidi,S.Z., Delwart,E.",2018-08-25T01:03:37Z,PK5510,Human associated cyclovirus 1,Cyclovirus,Circoviridae,ssDNA(+/-),RefSeq,NA,NA,1,Pakistan,Pakistan,NA,Homo sapiens,feces,2007,NA,ASM282006v1
GCF_002820045.1,NA,"Li,L., Giannitti,F., Low,J., Keyes,C., Ullmann,L.S., Deng,X., Aleman,M., Pesavento,P.A., Pusterla,N., Delwart,E.",2018-08-25T01:03:36Z,horse 1,Horse associated cyclovirus 1,Cyclovirus,Circoviridae,ssDNA(+/-),RefSeq,NA,NA,1,USA,USA,NA,Equus caballus,NA,2012-10-10,NA,ASM282004v1
GCF_002820025.1,NA,"Dayaram,A., Potter,K.A., Moline,A.B., Rosenstein,D.D., Marinov,M., Thomas,J.E., Breitbart,M., Rosario,K., Arguello-Astorga,G.R., Varsani,A., Potter,K., Argueello-Astorga,G.R.",2018-08-25T01:03:33Z,DfCyV-8_AU-DFB007B-2010,Dragonfly associated cyclovirus 8,Cyclovirus,Circoviridae,ssDNA(+/-),RefSeq,NA,NA,1,Australia,Australia,NA,Orthetrum sabina,NA,2010-04,NA,ASM282002v1
GCF_002820005.1,NA,"Dayaram,A., Potter,K.A., Moline,A.B., Rosenstein,D.D., Marinov,M., Thomas,J.E., Breitbart,M., Rosario,K., Arguello-Astorga,G.R., Varsani,A., Potter,K., Argueello-Astorga,G.R.",2018-08-25T01:03:29Z,DfCyV-7_NZ-DFNZ3-2011,Dragonfly associated cyclovirus 7,Cyclovirus,Circoviridae,ssDNA(+/-),RefSeq,NA,NA,1,New Zealand,New Zealand,NA,Xanthocnemis zealandica,NA,2011-03,NA,ASM282000v1
GCF_002819985.1,NA,"Dayaram,A., Potter,K.A., Moline,A.B., Rosenstein,D.D., Marinov,M., Thomas,J.E., Breitbart,M., Rosario,K., Arguello-Astorga,G.R., Varsani,A., Potter,K., Argueello-Astorga,G.R.",2018-08-25T01:03:26Z,DfCyV-6_US-DFKWGX-2012,Dragonfly associated cyclovirus 6,Cyclovirus,Circoviridae,ssDNA(+/-),RefSeq,NA,NA,1,USA,USA,NA,Rhionaeschna multicolor,NA,2012-06,NA,ASM281998v1
GCF_002819925.1,NA,"Li,L., Kapoor,A., Slikas,B., Bamidele,O.S., Wang,C., Shaukat,S., Masroor,M.A., Wilson,M.L., Ndjango,J.B., Peeters,M., Gross-Camp,N.D., Muller,M.N., Hahn,B.H., Wolfe,N.D., Triki,H., Bartkus,J., Zaidi,S.Z., Delwart,E.",2018-08-25T01:03:25Z,Chimp11,Chimpanzee associated cyclovirus 1,Cyclovirus,Circoviridae,ssDNA(+/-),RefSeq,NA,NA,1,NA,NA,NA,Pan troglodytes,feces,2004,NA,ASM281992v1
GCF_002819905.1,NA,"Li,L., Shan,T., Soji,O.B., Alam,M.M., Kunz,T.H., Zaidi,S.Z., Delwart,E.",2018-08-25T01:03:22Z,NGchicken8,Chicken associated cyclovirus 1,Cyclovirus,Circoviridae,ssDNA(+/-),RefSeq,NA,NA,1,Nigeria,Nigeria,NA,Gallus gallus,muscle,2009,NA,ASM281990v1
GCF_002819885.1,NA,"Li,L., Shan,T., Soji,O.B., Alam,M.M., Kunz,T.H., Zaidi,S.Z., Delwart,E.",2018-08-25T01:03:17Z,PKbeef23,Bovine associated cyclovirus 1,Cyclovirus,Circoviridae,ssDNA(+/-),RefSeq,NA,NA,1,Pakistan,Pakistan,NA,Bos taurus,muscle,2009,NA,ASM281988v1
GCF_002819865.1,NA,"Male,M.F., Kraberger,S., Stainton,D., Kami,V., Varsani,A.",2018-08-25T01:03:12Z,Tbat_K_103923,Bat associated cyclovirus 16,Cyclovirus,Circoviridae,ssDNA(+/-),RefSeq,NA,NA,NA,Tonga,Tonga,NA,Pteropus tonganus,feces,2015,NA,ASM281986v1
GCF_002819825.1,NA,"Male,M.F., Kraberger,S., Stainton,D., Kami,V., Varsani,A.",2018-08-25T01:03:11Z,Tbat_H_103699,Bat associated cyclovirus 14,Cyclovirus,Circoviridae,ssDNA(+/-),RefSeq,NA,NA,NA,Tonga,Tonga,NA,Pteropus tonganus,feces,2015,NA,ASM281982v1
GCF_002819845.1,NA,"Male,M.F., Kraberger,S., Stainton,D., Kami,V., Varsani,A.",2018-08-25T01:03:08Z,Tbat_H_88317,Bat associated cyclovirus 15,Cyclovirus,Circoviridae,ssDNA(+/-),RefSeq,NA,NA,NA,Tonga,Tonga,NA,Pteropus tonganus,feces,2015,NA,ASM281984v1
GCF_002819805.1,NA,"Wu,Z., Yang,L., Ren,X., He,G., Zhang,J., Yang,J., Qian,Z., Dong,J., Sun,L., Zhu,Y., Du,J., Yang,F., Zhang,S., Jin,Q.",2018-08-25T01:03:05Z,BtPa-CV-2/NX2013,Bat associated cyclovirus 13,Cyclovirus,Circoviridae,ssDNA(+/-),RefSeq,NA,NA,1,China,China,NA,Plecotus auritus,NA,2013-06,NA,ASM281980v1
GCF_002819785.1,NA,"Wu,Z., Yang,L., Ren,X., He,G., Zhang,J., Yang,J., Qian,Z., Dong,J., Sun,L., Zhu,Y., Du,J., Yang,F., Zhang,S., Jin,Q.",2018-08-25T01:02:57Z,BtMspp.-CV/GD2012,Bat associated cyclovirus 11,Cyclovirus,Circoviridae,ssDNA(+/-),RefSeq,NA,NA,1,China,China,NA,Myotis sp.,NA,2012-12,NA,ASM281978v1
GCF_002819765.1,NA,"Wu,Z., Yang,L., Ren,X., He,G., Zhang,J., Yang,J., Qian,Z., Dong,J., Sun,L., Zhu,Y., Du,J., Yang,F., Zhang,S., Jin,Q.",2018-08-25T01:02:55Z,BtTp-CV-2/GX2012,Bat associated cyclovirus 9,Cyclovirus,Circoviridae,ssDNA(+/-),RefSeq,NA,NA,1,China,China,NA,Tylonycteris pachypus,NA,2012-11,NA,ASM281976v1
GCF_002819745.1,NA,"Wu,Z., Yang,L., Ren,X., He,G., Zhang,J., Yang,J., Qian,Z., Dong,J., Sun,L., Zhu,Y., Du,J., Yang,F., Zhang,S., Jin,Q.",2018-08-25T01:02:49Z,BtRp-CV-52/GD2012,Bat associated cyclovirus 8,Cyclovirus,Circoviridae,ssDNA(+/-),RefSeq,NA,NA,1,China,China,NA,Rhinolophus pusillus,NA,2012-12,NA,ASM281974v1
GCF_002819725.1,NA,"Wu,Z., Yang,L., Ren,X., He,G., Zhang,J., Yang,J., Qian,Z., Dong,J., Sun,L., Zhu,Y., Du,J., Yang,F., Zhang,S., Jin,Q.",2018-08-25T01:02:44Z,BtRf-CV-24/YN2010,Bat associated cyclovirus 7,Cyclovirus,Circoviridae,ssDNA(+/-),RefSeq,NA,NA,1,China,China,NA,Rhinolophus ferrumequinum,NA,2010-12,NA,ASM281972v1
GCF_002819705.1,NA,"Wu,Z., Yang,L., Ren,X., He,G., Zhang,J., Yang,J., Qian,Z., Dong,J., Sun,L., Zhu,Y., Du,J., Yang,F., Zhang,S., Jin,Q.",2018-08-25T01:02:38Z,BtRp-CV-3/GD2012,Bat associated cyclovirus 6,Cyclovirus,Circoviridae,ssDNA(+/-),RefSeq,NA,NA,1,China,China,NA,Rhinolophus pusillus,NA,2012-12,NA,ASM281970v1
GCF_002819685.1,NA,NA,2018-08-25T01:02:36Z,YN-BtCV-5,Bat associated cyclovirus 4,Cyclovirus,Circoviridae,ssDNA(+/-),RefSeq,NA,NA,NA,China,China,NA,Chiroptera,feces,2009,NA,ASM281968v1
GCF_002819665.1,NA,NA,2018-08-25T01:02:31Z,YN-BtCV-4,Bat associated cyclovirus 3,Cyclovirus,Circoviridae,ssDNA(+/-),RefSeq,NA,NA,NA,China,China,NA,Chiroptera,feces,2009,NA,ASM281966v1
GCF_002819645.1,NA,NA,2018-08-25T01:02:25Z,YN-BtCV-2,Bat associated cyclovirus 2,Cyclovirus,Circoviridae,ssDNA(+/-),RefSeq,NA,NA,NA,China,China,NA,Chiroptera,feces,2009,NA,ASM281964v1
GCF_002819605.1,NA,"Li,L., Kapoor,A., Slikas,B., Bamidele,O.S., Wang,C., Shaukat,S., Masroor,M.A., Wilson,M.L., Ndjango,J.B., Peeters,M., Gross-Camp,N.D., Muller,M.N., Hahn,B.H., Wolfe,N.D., Triki,H., Bartkus,J., Zaidi,S.Z., Delwart,E.",2018-08-25T01:02:22Z,NG13,Human associated circovirus 1,Circovirus,Circoviridae,ssDNA(+/-),RefSeq,NA,NA,1,Nigeria,Nigeria,NA,Homo sapiens,feces,2007,NA,ASM281960v1
GCF_002819585.1,NA,"Li,L., Kapoor,A., Slikas,B., Bamidele,O.S., Wang,C., Shaukat,S., Masroor,M.A., Wilson,M.L., Ndjango,J.B., Peeters,M., Gross-Camp,N.D., Muller,M.N., Hahn,B.H., Wolfe,N.D., Triki,H., Bartkus,J., Zaidi,S.Z., Delwart,E.",2018-08-25T01:02:17Z,Chimp17,Chimpanzee associated circovirus 1,Circovirus,Circoviridae,ssDNA(+/-),RefSeq,NA,NA,1,Rwanda,Rwanda,NA,Pan troglodytes,feces,2002-09,NA,ASM281958v1
GCF_002819565.1,NA,"Wu,Z., Yang,L., Ren,X., He,G., Zhang,J., Yang,J., Qian,Z., Dong,J., Sun,L., Zhu,Y., Du,J., Yang,F., Zhang,S., Jin,Q.",2018-08-25T01:02:11Z,BtMr-CV/GD2012,Bat associated circovirus 8,Circovirus,Circoviridae,ssDNA(+/-),RefSeq,NA,NA,1,China,China,NA,Myotis ricketti,NA,2012-12,NA,ASM281956v1
GCF_002819525.1,NA,"Wu,Z., Yang,L., Ren,X., He,G., Zhang,J., Yang,J., Qian,Z., Dong,J., Sun,L., Zhu,Y., Du,J., Yang,F., Zhang,S., Jin,Q.",2018-08-25T01:02:07Z,BtRa-CV/JS2013,Bat associated circovirus 6,Circovirus,Circoviridae,ssDNA(+/-),RefSeq,NA,NA,1,China,China,NA,Rhinolophus affinis,NA,2013-04,NA,ASM281952v1
GCF_002819545.1,NA,"Wu,Z., Yang,L., Ren,X., He,G., Zhang,J., Yang,J., Qian,Z., Dong,J., Sun,L., Zhu,Y., Du,J., Yang,F., Zhang,S., Jin,Q.",2018-08-25T01:02:05Z,BtRs-CV/HuB2013,Bat associated circovirus 7,Circovirus,Circoviridae,ssDNA(+/-),RefSeq,NA,NA,1,China,China,NA,Rhinolophus sinicus,NA,2013-04,NA,ASM281954v1
GCF_002819505.1,NA,"Wu,Z., Yang,L., Ren,X., He,G., Zhang,J., Yang,J., Qian,Z., Dong,J., Sun,L., Zhu,Y., Du,J., Yang,F., Zhang,S., Jin,Q.",2018-08-25T01:01:57Z,BtPa-CV-1/NX2013,Bat associated circovirus 5,Circovirus,Circoviridae,ssDNA(+/-),RefSeq,NA,NA,1,China,China,NA,Plecotus auritus,NA,2013-06,NA,ASM281950v1
GCF_002819485.1,NA,"Wu,Z., Yang,L., Ren,X., He,G., Zhang,J., Yang,J., Qian,Z., Dong,J., Sun,L., Zhu,Y., Du,J., Yang,F., Zhang,S., Jin,Q., Hu,Y., Liu,L., Xue,Y., Wang,J.",2018-08-25T01:01:53Z,NA,Bat associated circovirus 3,Circovirus,Circoviridae,ssDNA(+/-),RefSeq,NA,NA,2,China,China,NA,Rhinolophus ferrumequinum,NA,2011-02,NA,ASM281948v1
GCF_002819465.1,NA,"He,B., Li,Z., Yang,F., Zheng,J., Feng,Y., Guo,H., Li,Y., Wang,Y., Su,N., Zhang,F., Fan,Q., Tu,C.",2018-08-25T01:01:52Z,XOR,Bat associated circovirus 1,Circovirus,Circoviridae,ssDNA(+/-),RefSeq,NA,NA,1,Myanmar,Myanmar,NA,Rhinolophus ferrumequinum,NA,2008-11,NA,ASM281946v1
GCF_001939215.2,NA,"Bouquet,J., Joshi,R., Chiu,C.Y.",2018-05-15T13:17:05Z,IECSF08,Human associated cyclovirus 12,Cyclovirus,Circoviridae,ssDNA(+/-),RefSeq,NA,NA,NA,India,India,NA,Homo sapiens,cerebrospinal fluid,2007,NA,ViralProj360303
GCF_002820085.1,NA,"Li,L., Kapoor,A., Slikas,B., Bamidele,O.S., Wang,C., Shaukat,S., Masroor,M.A., Wilson,M.L., Ndjango,J.B., Peeters,M., Gross-Camp,N.D., Muller,M.N., Hahn,B.H., Wolfe,N.D., Triki,H., Bartkus,J., Zaidi,S.Z., Delwart,E.",2018-02-16T14:10:06Z,PK5006,Human associated cyclovirus 2,Cyclovirus,Circoviridae,ssDNA(+/-),RefSeq,NA,NA,1,Pakistan,Pakistan,NA,Homo sapiens,feces,2007,NA,ASM282008v1
GCF_002890155.1,NA,"Wen,L., Mao,A., Jiao,F., Zhang,D., Xie,J., He,K.",2018-01-18T14:17:03Z,PZ1,Porcine circovirus-like virus P1,Circovirus,Circoviridae,ssDNA(+/-),RefSeq,NA,NA,1,China,China,NA,Sus scrofa,brain,2016-01-08,NA,ASM289015v1
GCF_002890135.1,NA,"Martinez Martinez,J., Gilg,I.C., Lyczkowski,E., Krupovic,M., Koonin,E.V., Wilson,W.H.",2018-01-18T14:16:03Z,PcCV-1,Pleurochrysis carterae circular virus,NA,Circoviridae,ssDNA(+/-),RefSeq,NA,NA,NA,USA,USA,NA,Chrysotila carterae,NA,2016-03-11,NA,ASM289013v1
GCF_000918035.2,NA,"Phan,T.G., Luchsinger,V., Avendano,L.F., Deng,X., Delwart,E., Phan,T.",2017-10-11T15:42:05Z,NA,Human associated cyclovirus 10,Cyclovirus,Circoviridae,ssDNA(+/-),RefSeq,NA,NA,1,Chile,Chile,NA,Homo sapiens,oronasopharynx,2004,NA,ViralProj243497
GCF_002375075.1,NA,"Wang,Y.",2017-09-27T15:49:07Z,DaiShan,Circovirus sp.,Circovirus,Circoviridae,ssDNA(+/-),RefSeq,NA,NA,NA,China,China,NA,Myotis davidii,NA,2015-07-30,NA,ASM237507v1
GCF_002355085.1,NA,"Zhu,A., Mi,S.",2017-09-25T13:57:25Z,Acheng30,Bat circovirus,Circovirus,Circoviridae,ssDNA(+/-),RefSeq,NA,NA,NA,China,China,NA,Vespertilio sinensis,NA,NA,NA,ViralProj406967
GCF_002270825.1,NA,"Conceicao-Neto,N., Godinho,R., Alvares,F., Yinda,C.K., Deboutte,W., Zeller,M., Laenen,L., Heylen,E., Roque,S., Petrucci-Fonseca,F., Santos,N., Van Ranst,M., Mesquita,J.R., Matthijnssens,J., Theuns,S., Cui,T., Christianens,I., Carpentier,S., Nauwynck,H.J.",2017-08-26T01:00:38Z,15V010,Porcine stool-associated circular virus/BEL/15V010,NA,Circoviridae,ssDNA(+/-),RefSeq,NA,NA,1,Belgium,Belgium,NA,Sus scrofa,NA,2015-01,NA,ViralProj399966
GCF_002219925.1,NA,"Zhang,W., Yang,S., Shan,T., Hou,R., Liu,Z., Li,W., Guo,L., Wang,Y., Chen,P., Wang,X., Feng,F., Wang,H., Chen,C., Shen,Q., Zhou,C., Hua,X., Cui,L., Deng,X., Zhang,Z., Qi,D., Delwart,E.",2017-07-16T01:01:31Z,NA,Giant panda circovirus 2,Circovirus,Circoviridae,ssDNA(+/-),RefSeq,NA,NA,1,China,China,NA,NA,feces,2015,NA,ViralProj394297
GCF_002219885.1,NA,"Zhao,G., Vatanen,T., Droit,L., Park,A., Kostic,A.D., Poon,T.W., Vlamakis,H., Siljander,H., Harkonen,T., Hamalainen,A.M., Peet,A., Tillmann,V., Ilonen,J., Wang,D., Knip,M., Xavier,R.J., Virgin,H.W., Hamalainen,A.-M., Xavier,R.",2017-07-16T01:01:28Z,Jorvi2,Human fecal virus Jorvi2,NA,Circoviridae,ssDNA(+/-),RefSeq,NA,NA,1,Finland,Finland,NA,Homo sapiens,feces,NA,NA,ViralProj394289
GCF_002219745.1,NA,"Zhang,W., Yang,S., Shan,T., Hou,R., Liu,Z., Li,W., Guo,L., Wang,Y., Chen,P., Wang,X., Feng,F., Wang,H., Chen,C., Shen,Q., Zhou,C., Hua,X., Cui,L., Deng,X., Zhang,Z., Qi,D., Delwart,E.",2017-07-16T01:01:15Z,NA,Giant panda circovirus 4,Circovirus,Circoviridae,ssDNA(+/-),RefSeq,NA,NA,1,China,China,NA,NA,feces,2015,NA,ViralProj394295
GCF_002219705.1,NA,"Zhao,G., Vatanen,T., Droit,L., Park,A., Kostic,A.D., Poon,T.W., Vlamakis,H., Siljander,H., Harkonen,T., Hamalainen,A.M., Peet,A., Tillmann,V., Ilonen,J., Wang,D., Knip,M., Xavier,R.J., Virgin,H.W., Hamalainen,A.-M., Xavier,R.",2017-07-16T01:01:12Z,Jorvi4,Human fecal virus Jorvi4,NA,Circoviridae,ssDNA(+/-),RefSeq,NA,NA,1,Finland,Finland,NA,Homo sapiens,feces,NA,NA,ViralProj394287
GCF_002219565.1,NA,"Zhang,W., Yang,S., Shan,T., Hou,R., Liu,Z., Li,W., Guo,L., Wang,Y., Chen,P., Wang,X., Feng,F., Wang,H., Chen,C., Shen,Q., Zhou,C., Hua,X., Cui,L., Deng,X., Zhang,Z., Qi,D., Delwart,E.",2017-07-16T01:00:52Z,NA,Giant panda circovirus 3,Circovirus,Circoviridae,ssDNA(+/-),RefSeq,NA,NA,1,China,China,NA,NA,feces,2015,NA,ViralProj394296
GCF_002219525.1,NA,"Zhao,G., Vatanen,T., Droit,L., Park,A., Kostic,A.D., Poon,T.W., Vlamakis,H., Siljander,H., Harkonen,T., Hamalainen,A.M., Peet,A., Tillmann,V., Ilonen,J., Wang,D., Knip,M., Xavier,R.J., Virgin,H.W., Hamalainen,A.-M., Xavier,R.",2017-07-16T01:00:47Z,Jorvi3,Human fecal virus Jorvi3,NA,Circoviridae,ssDNA(+/-),RefSeq,NA,NA,1,Finland,Finland,NA,Homo sapiens,feces,NA,NA,ViralProj394288
GCF_002219445.1,NA,"Feher,E., Kaszab,E., Lengyel,G., Banyai,K.",2017-07-16T01:00:33Z,NA,Garrulus glandarius associated circular virus 1,NA,Circoviridae,ssDNA(+/-),RefSeq,NA,NA,NA,Hungary,Hungary,NA,Garrulus glandarius,feces,2013,NA,ViralProj394310
GCF_002219385.1,NA,"Zhang,W., Yang,S., Shan,T., Hou,R., Liu,Z., Li,W., Guo,L., Wang,Y., Chen,P., Wang,X., Feng,F., Wang,H., Chen,C., Shen,Q., Zhou,C., Hua,X., Cui,L., Deng,X., Zhang,Z., Qi,D., Delwart,E.",2017-07-16T01:00:22Z,NA,Giant panda circovirus 1,Circovirus,Circoviridae,ssDNA(+/-),RefSeq,NA,NA,1,China,China,NA,NA,feces,2015,NA,ViralProj394298
GCF_002194385.1,NA,"Feher,E., Kaszab,E., Lengyel,G., Banyai,K.",2017-06-15T01:01:13Z,NA,Duck associated cyclovirus 1,Cyclovirus,Circoviridae,ssDNA(+/-),RefSeq,NA,NA,NA,Hungary,Hungary,NA,Anas platyrhynchos,feces,2013,NA,ViralProj390418
GCF_002145985.1,NA,"Li,L., Victoria,J.G., Wang,C., Jones,M., Fellers,G.M., Kunz,T.H., Delwart,E.",2017-05-17T01:01:22Z,GF-4c,Bat associated cyclovirus 1,Cyclovirus,Circoviridae,ssDNA(+/-),RefSeq,NA,NA,1,USA,USA,NA,Chiroptera,feces,2009-09,NA,ViralProj386348
GCF_001866935.1,NA,"Palinski,R., Pineyro,P., Shang,P., Yuan,F., Guo,R., Fang,Y., Byers,E., Hause,B.M., Hause,B.",2016-11-06T01:01:03Z,NA,Porcine circovirus 3,Circovirus,Circoviridae,ssDNA(+/-),RefSeq,NA,NA,1,USA: North Carolina,USA,NC,Sus scrofa,NA,2015,NA,ViralProj352520
GCF_001866815.1,NA,"Li,L., Delwart,E.",2016-11-06T01:00:16Z,Cyclo-sf1,Mouse associated cyclovirus 1,Cyclovirus,Circoviridae,ssDNA(+/-),RefSeq,NA,NA,NA,USA,USA,NA,Mus musculus,"spleen, abdominal cavity",2014-10-01,NA,ViralProj352519
GCF_001684925.1,NA,"Ge,X.-Y., Fang,W., Wang,J., Wang,M.-N., Liu,H.-Z., Shi,Z.-L.",2016-07-14T01:02:08Z,DCCV-13,Circovirus-like genome DCCV-13,NA,Circoviridae,ssDNA(+/-),RefSeq,NA,NA,NA,China,China,NA,NA,NA,2010-01,NA,ViralProj328686
GCF_001684945.1,NA,"Ge,X.-Y., Fang,W., Wang,J., Wang,M.-N., Liu,H.-Z., Shi,Z.-L.",2016-07-14T01:02:04Z,DCCV-1,Circovirus-like genome DCCV-1,NA,Circoviridae,ssDNA(+/-),RefSeq,NA,NA,NA,China,China,NA,NA,NA,2010-01,NA,ViralProj328690
GCF_001684905.1,NA,"Ge,X.-Y., Fang,W., Wang,J., Wang,M.-N., Liu,H.-Z., Shi,Z.-L.",2016-07-14T01:02:01Z,DCCV-5,Circovirus-like genome DCCV-5,NA,Circoviridae,ssDNA(+/-),RefSeq,NA,NA,NA,China,China,NA,NA,NA,2010-01,NA,ViralProj328682
GCF_001684865.1,NA,"Ge,X.-Y., Fang,W., Wang,J., Wang,M.-N., Liu,H.-Z., Shi,Z.-L.",2016-07-14T01:01:56Z,DHCV-5,Circovirus-like genome DHCV-5,NA,Circoviridae,ssDNA(+/-),RefSeq,NA,NA,NA,China,China,NA,NA,NA,2010-03,NA,ViralProj328674
GCF_001684885.1,NA,"Ge,X.-Y., Fang,W., Wang,J., Wang,M.-N., Liu,H.-Z., Shi,Z.-L.",2016-07-14T01:01:55Z,DCCV-9,Circovirus-like genome DCCV-9,NA,Circoviridae,ssDNA(+/-),RefSeq,NA,NA,NA,China,China,NA,NA,NA,2010-01,NA,ViralProj328678
GCF_001684825.1,NA,"Ge,X.-Y., Fang,W., Wang,J., Wang,M.-N., Liu,H.-Z., Shi,Z.-L.",2016-07-14T01:01:44Z,DCCV-10,Circovirus-like genome DCCV-10,NA,Circoviridae,ssDNA(+/-),RefSeq,NA,NA,NA,China,China,NA,NA,NA,2010-01,NA,ViralProj328689
GCF_001684785.1,NA,"Ge,X.-Y., Fang,W., Wang,J., Wang,M.-N., Liu,H.-Z., Shi,Z.-L.",2016-07-14T01:01:40Z,DCCV-6,Circovirus-like genome DCCV-6,NA,Circoviridae,ssDNA(+/-),RefSeq,NA,NA,NA,China,China,NA,NA,NA,2010-01,NA,ViralProj328681
GCF_001684805.1,NA,"Ge,X.-Y., Fang,W., Wang,J., Wang,M.-N., Liu,H.-Z., Shi,Z.-L.",2016-07-14T01:01:39Z,DCCV-2,Circovirus-like genome DCCV-2,NA,Circoviridae,ssDNA(+/-),RefSeq,NA,NA,NA,China,China,NA,NA,NA,2010-01,NA,ViralProj328685
GCF_001684765.1,NA,"Ge,X.-Y., Fang,W., Wang,J., Wang,M.-N., Liu,H.-Z., Shi,Z.-L.",2016-07-14T01:01:33Z,DHCV-1,Circovirus-like genome DHCV-1,NA,Circoviridae,ssDNA(+/-),RefSeq,NA,NA,NA,China,China,NA,NA,NA,2010-03,NA,ViralProj328677
GCF_001684745.1,NA,"Ge,X.-Y., Fang,W., Wang,J., Wang,M.-N., Liu,H.-Z., Shi,Z.-L.",2016-07-14T01:01:30Z,DHCV-6,Circovirus-like genome DHCV-6,NA,Circoviridae,ssDNA(+/-),RefSeq,NA,NA,NA,China,China,NA,NA,NA,2010-03,NA,ViralProj328673
GCF_001684725.1,NA,"Walters,M., Bawuro,M., Christopher,A., Knight,A., Chapman,H., Stainton,D., Kraberger,S., Varsani,A.",2016-07-14T01:01:27Z,CPNG_29286,Chimpanzee faeces associated circular DNA virus 1,NA,Circoviridae,ssDNA(+/-),RefSeq,NA,NA,NA,Nigeria,Nigeria,NA,Pan troglodytes,NA,2013,NA,ViralProj328667
GCF_001684685.1,NA,"Ge,X.-Y., Fang,W., Wang,J., Wang,M.-N., Liu,H.-Z., Shi,Z.-L.",2016-07-14T01:01:22Z,DCCV-4,Circovirus-like genome DCCV-4,NA,Circoviridae,ssDNA(+/-),RefSeq,NA,NA,NA,China,China,NA,NA,NA,2010-01,NA,ViralProj328683
GCF_001684705.1,NA,"Ge,X.-Y., Fang,W., Wang,J., Wang,M.-N., Liu,H.-Z., Shi,Z.-L.",2016-07-14T01:01:19Z,DCCV-12,Circovirus-like genome DCCV-12,NA,Circoviridae,ssDNA(+/-),RefSeq,NA,NA,NA,China,China,NA,NA,NA,2010-01,NA,ViralProj328687
GCF_001684665.1,NA,"Ge,X.-Y., Fang,W., Wang,J., Wang,M.-N., Liu,H.-Z., Shi,Z.-L.",2016-07-14T01:01:13Z,DCCV-8,Circovirus-like genome DCCV-8,NA,Circoviridae,ssDNA(+/-),RefSeq,NA,NA,NA,China,China,NA,NA,NA,2010-01,NA,ViralProj328679
GCF_001684645.1,NA,"Ge,X.-Y., Fang,W., Wang,J., Wang,M.-N., Liu,H.-Z., Shi,Z.-L.",2016-07-14T01:01:12Z,DHCV-3,Circovirus-like genome DHCV-3,NA,Circoviridae,ssDNA(+/-),RefSeq,NA,NA,NA,China,China,NA,NA,NA,2010-03,NA,ViralProj328675
GCF_001684585.1,NA,"Ge,X.-Y., Fang,W., Wang,J., Wang,M.-N., Liu,H.-Z., Shi,Z.-L.",2016-07-14T01:00:58Z,DCCV-11,Circovirus-like genome DCCV-11,NA,Circoviridae,ssDNA(+/-),RefSeq,NA,NA,NA,China,China,NA,NA,NA,2010-01,NA,ViralProj328688
GCF_001684565.1,NA,"Ge,X.-Y., Fang,W., Wang,J., Wang,M.-N., Liu,H.-Z., Shi,Z.-L.",2016-07-14T01:00:49Z,DCCV-3,Circovirus-like genome DCCV-3,NA,Circoviridae,ssDNA(+/-),RefSeq,NA,NA,NA,China,China,NA,NA,NA,2010-01,NA,ViralProj328684
GCF_001684545.1,NA,"Ge,X.-Y., Fang,W., Wang,J., Wang,M.-N., Liu,H.-Z., Shi,Z.-L.",2016-07-14T01:00:41Z,DCCV-7,Circovirus-like genome DCCV-7,NA,Circoviridae,ssDNA(+/-),RefSeq,NA,NA,NA,China,China,NA,NA,NA,2010-01,NA,ViralProj328680
GCF_001684525.1,NA,"Ge,X.-Y., Fang,W., Wang,J., Wang,M.-N., Liu,H.-Z., Shi,Z.-L.",2016-07-14T01:00:28Z,DHCV-2,Circovirus-like genome DHCV-2,NA,Circoviridae,ssDNA(+/-),RefSeq,NA,NA,NA,China,China,NA,NA,NA,2010-03,NA,ViralProj328676
GCF_001651125.1,NA,"Tokarz,R., Lipkin,W.I.",2016-05-25T01:00:34Z,A1,Tick associated circovirus 1,Circovirus,Circoviridae,ssDNA(+/-),RefSeq,NA,NA,NA,USA,USA,NA,Ixodes scapularis,NA,2014,NA,ViralProj322193
GCF_001316415.1,NA,"Lima,F.E., Cibulski,S.P., Dall Bello,A.G., Mayer,F.Q., Witt,A.A., Roehe,P.M., d'Azevedo,P.A., Lima,F.E.S.",2015-10-16T01:02:02Z,NA,Bat associated circovirus 4,Circovirus,Circoviridae,ssDNA(+/-),RefSeq,NA,NA,1,Brazil,Brazil,NA,Tadarida brasiliensis,oronasopharynx,2013-06-12,NA,ViralProj298251
GCF_001275275.1,NA,"Rosario,K., Schenck,R.O., Harbeitner,R.C., Lawler,S.N., Breitbart,M.",2015-08-27T01:00:23Z,I0006H,Palaemonetes sp. common grass shrimp associated circular virus,NA,Circoviridae,ssDNA(+/-),RefSeq,NA,NA,1,NA,NA,NA,Palaemon,NA,NA,NA,ViralProj293729
GCF_001274505.1,NA,"Rosario,K., Schenck,R.O., Harbeitner,R.C., Lawler,S.N., Breitbart,M.",2015-08-26T01:08:52Z,I0021,Lytechinus variegatus variable sea urchin associated circular virus,NA,Circoviridae,ssDNA(+/-),RefSeq,NA,NA,1,NA,NA,NA,Lytechinus variegatus,NA,NA,NA,ViralProj293734
GCF_001274485.1,NA,"Rosario,K., Schenck,R.O., Harbeitner,R.C., Lawler,S.N., Breitbart,M.",2015-08-26T01:08:47Z,I0099,Palaemonetes kadiakensis Mississippi grass shrimp associated circular virus,NA,Circoviridae,ssDNA(+/-),RefSeq,NA,NA,1,NA,NA,NA,Palaemon kadiakensis,NA,NA,NA,ViralProj293730
GCF_001274465.1,NA,"Rosario,K., Schenck,R.O., Harbeitner,R.C., Lawler,S.N., Breitbart,M.",2015-08-26T01:08:18Z,I0722,Sicyonia brevirostris associated circular virus,NA,Circoviridae,ssDNA(+/-),RefSeq,NA,NA,1,NA,NA,NA,Sicyonia brevirostris,NA,NA,NA,ViralProj293725
GCF_001274445.1,NA,"Rosario,K., Schenck,R.O., Harbeitner,R.C., Lawler,S.N., Breitbart,M.",2015-08-26T01:08:05Z,I0054,Callinectes ornatus blue crab associated circular virus,NA,Circoviridae,ssDNA(+/-),RefSeq,NA,NA,1,NA,NA,NA,Callinectes ornatus,NA,NA,NA,ViralProj293717
GCF_001274425.1,NA,"Rosario,K., Schenck,R.O., Harbeitner,R.C., Lawler,S.N., Breitbart,M.",2015-08-26T01:07:42Z,I0086a,Fiddler Crab associated circular virus,NA,Circoviridae,ssDNA(+/-),RefSeq,NA,NA,1,NA,NA,NA,Leptuca,NA,NA,NA,ViralProj293713
GCF_001274385.1,NA,"Rosario,K., Schenck,R.O., Harbeitner,R.C., Lawler,S.N., Breitbart,M.",2015-08-26T01:07:24Z,I0169,Mytilus sp. clam associated circular virus,NA,Circoviridae,ssDNA(+/-),RefSeq,NA,NA,1,NA,NA,NA,Mytilus sp.,NA,NA,NA,ViralProj293732
GCF_001274365.1,NA,"Rosario,K., Schenck,R.O., Harbeitner,R.C., Lawler,S.N., Breitbart,M.",2015-08-26T01:07:13Z,I0004A,Petrochirus diogenes giant hermit crab associated circular virus,NA,Circoviridae,ssDNA(+/-),RefSeq,NA,NA,1,NA,NA,NA,Petrochirus diogenes,NA,NA,NA,ViralProj293727
GCF_001274305.1,NA,"Rosario,K., Schenck,R.O., Harbeitner,R.C., Lawler,S.N., Breitbart,M.",2015-08-26T01:06:37Z,I0026A4,Didemnum sp. Sea Squirt associated virus,NA,Circoviridae,ssDNA(+/-),RefSeq,NA,NA,1,NA,NA,NA,Didemnum sp.,NA,NA,NA,ViralProj293715
GCF_001274325.1,NA,"Rosario,K., Schenck,R.O., Harbeitner,R.C., Lawler,S.N., Breitbart,M.",2015-08-26T01:06:26Z,I0307,Artemia melana sponge associated circular genome,NA,Circoviridae,ssDNA(+/-),RefSeq,NA,NA,1,NA,NA,NA,Artemisina melana,NA,NA,NA,ViralProj293719
GCF_001274265.1,NA,"Rosario,K., Schenck,R.O., Harbeitner,R.C., Lawler,S.N., Breitbart,M.",2015-08-26T01:06:02Z,I0059,Palaemonetes intermedius brackish grass shrimp associated circular virus,NA,Circoviridae,ssDNA(+/-),RefSeq,NA,NA,1,NA,NA,NA,Palaemon mundusnovus,NA,NA,NA,ViralProj293731
GCF_001274285.1,NA,"Rosario,K., Schenck,R.O., Harbeitner,R.C., Lawler,S.N., Breitbart,M.",2015-08-26T01:05:52Z,I0085A4,Hermit crab associated circular virus,NA,Circoviridae,ssDNA(+/-),RefSeq,NA,NA,1,NA,NA,NA,Paguroidea,NA,NA,NA,ViralProj293707
GCF_001274245.1,NA,"Rosario,K., Schenck,R.O., Harbeitner,R.C., Lawler,S.N., Breitbart,M.",2015-08-26T01:04:57Z,I0345,Primnoa pacifica coral associated circular virus,NA,Circoviridae,ssDNA(+/-),RefSeq,NA,NA,1,NA,NA,NA,Primnoa pacifica,NA,NA,NA,ViralProj293726
GCF_001274205.1,NA,"Rosario,K., Schenck,R.O., Harbeitner,R.C., Lawler,S.N., Breitbart,M.",2015-08-26T01:04:56Z,I0298,Calanoida sp. copepod associated circular virus,NA,Circoviridae,ssDNA(+/-),RefSeq,NA,NA,1,NA,NA,NA,Calanoida,NA,NA,NA,ViralProj293718
GCF_001274165.1,NA,"Rosario,K., Schenck,R.O., Harbeitner,R.C., Lawler,S.N., Breitbart,M.",2015-08-26T01:04:22Z,I0041,Littorina sp. associated circular virus,NA,Circoviridae,ssDNA(+/-),RefSeq,NA,NA,1,NA,NA,NA,Littorina sp.,NA,NA,NA,ViralProj293706
GCF_001274185.1,NA,"Rosario,K., Schenck,R.O., Harbeitner,R.C., Lawler,S.N., Breitbart,M.",2015-08-26T01:03:58Z,I0066,Farfantepenaeus duorarum pink shrimp associated circular virus,NA,Circoviridae,ssDNA(+/-),RefSeq,NA,NA,1,NA,NA,NA,Penaeus duorarum,NA,NA,NA,ViralProj293714
GCF_001274145.1,NA,"Rosario,K., Schenck,R.O., Harbeitner,R.C., Lawler,S.N., Breitbart,M.",2015-08-26T01:03:56Z,I0084,Marine snail associated circular virus,NA,Circoviridae,ssDNA(+/-),RefSeq,NA,NA,1,NA,NA,NA,Gastropoda,NA,NA,NA,ViralProj293733
GCF_001274125.1,NA,"Rosario,K., Schenck,R.O., Harbeitner,R.C., Lawler,S.N., Breitbart,M.",2015-08-26T01:03:14Z,I0351,Paramuricea placomus associated circular virus,NA,Circoviridae,ssDNA(+/-),RefSeq,NA,NA,1,NA,NA,NA,Paramuricea placomus,NA,NA,NA,ViralProj293728
GCF_001274105.1,NA,"Rosario,K., Schenck,R.O., Harbeitner,R.C., Lawler,S.N., Breitbart,M.",2015-08-26T01:03:10Z,I0085b,Hermit crab associated circular genome,NA,Circoviridae,ssDNA(+/-),RefSeq,NA,NA,1,NA,NA,NA,Paguroidea,NA,NA,NA,ViralProj293724
GCF_001274085.1,NA,"Rosario,K., Schenck,R.O., Harbeitner,R.C., Lawler,S.N., Breitbart,M.",2015-08-26T01:03:03Z,I0007C2,Aiptasia sp. sea anemone associated circular virus,NA,Circoviridae,ssDNA(+/-),RefSeq,NA,NA,1,NA,NA,NA,Aiptasia,NA,NA,NA,ViralProj293720
GCF_001274065.1,NA,"Rosario,K., Schenck,R.O., Harbeitner,R.C., Lawler,S.N., Breitbart,M.",2015-08-26T01:02:18Z,I0056,Callinectes sapidus associated circular virus,NA,Circoviridae,ssDNA(+/-),RefSeq,NA,NA,1,NA,NA,NA,Callinectes sapidus,NA,NA,NA,ViralProj293716
GCF_001274045.1,NA,"Rosario,K., Schenck,R.O., Harbeitner,R.C., Lawler,S.N., Breitbart,M.",2015-08-26T01:02:17Z,I0153,Gammarus sp. amphipod associated circular virus,NA,Circoviridae,ssDNA(+/-),RefSeq,NA,NA,1,NA,NA,NA,Gammarus sp.,NA,NA,NA,ViralProj293712
GCF_001184985.1,NA,"Sato,G., Kawashima,T., Kiuchi,M., Tohya,Y.",2015-07-22T01:06:18Z,NA,Squirrel associated cyclovirus 1,Cyclovirus,Circoviridae,ssDNA(+/-),RefSeq,NA,NA,1,Japan:Kanagawa,Japan,NA,Callosciurus erythraeus thaiwanensis,abdominal cavity,2014,NA,ViralProj290311
GCF_000989035.1,NA,"Rinder,M., Schmitz,A., Peschel,A., Korbel,R.",2015-05-07T01:00:37Z,8454V25-1,Zebra finch circovirus,Circovirus,Circoviridae,ssDNA(+/-),RefSeq,NA,NA,1,Germany,Germany,NA,Taeniopygia guttata,NA,2010,NA,ViralProj283066
GCF_000955635.1,NA,"Dayaram,A., Goldstien,S., Arguello-Astorga,G.R., Zawar-Reza,P., Gomez,C., Harding,J.S., Varsani,A., Arguello Astorga,G.R.",2015-03-17T13:01:46Z,AHEaCV-5-NZ-3091C2-2012,Avon-Heathcote Estuary associated circular virus 5,NA,Circoviridae,ssDNA(+/-),RefSeq,NA,NA,1,New Zealand,New Zealand,NA,Austrovenus stutchburyi,NA,2012,NA,ViralProj277523
GCF_000955615.1,NA,"Dayaram,A., Goldstien,S., Arguello-Astorga,G.R., Zawar-Reza,P., Gomez,C., Harding,J.S., Varsani,A., Arguello Astorga,G.R.",2015-03-17T13:01:44Z,AHEaCV-9-NZ-3131SG-2012,Avon-Heathcote Estuary associated circular virus 9,NA,Circoviridae,ssDNA(+/-),RefSeq,NA,NA,1,New Zealand,New Zealand,NA,NA,NA,2012,NA,ViralProj277519
GCF_000955535.1,NA,"Dayaram,A., Goldstien,S., Arguello-Astorga,G.R., Zawar-Reza,P., Gomez,C., Harding,J.S., Varsani,A., Arguello Astorga,G.R.",2015-03-17T13:01:34Z,AHEaCV-2-NZ-3024C1-2012,Avon-Heathcote Estuary associated circular virus 2,NA,Circoviridae,ssDNA(+/-),RefSeq,NA,NA,1,New Zealand,New Zealand,NA,Austrovenus stutchburyi,NA,2012,NA,ViralProj277500
GCF_000955515.1,NA,"Dayaram,A., Goldstien,S., Arguello-Astorga,G.R., Zawar-Reza,P., Gomez,C., Harding,J.S., Varsani,A., Arguello Astorga,G.R.",2015-03-17T13:01:32Z,AHEaCV-23-NZ-2161TU-2012,Avon-Heathcote Estuary associated circular virus 23,NA,Circoviridae,ssDNA(+/-),RefSeq,NA,NA,1,New Zealand,New Zealand,NA,Paphies subtriangulata,NA,2012,NA,ViralProj277496
GCF_000955575.1,NA,"Dayaram,A., Goldstien,S., Arguello-Astorga,G.R., Zawar-Reza,P., Gomez,C., Harding,J.S., Varsani,A., Arguello Astorga,G.R.",2015-03-17T13:01:32Z,AHEaCV-12-NZ-3316C1-2012,Avon-Heathcote Estuary associated circular virus 12,NA,Circoviridae,ssDNA(+/-),RefSeq,NA,NA,1,New Zealand,New Zealand,NA,Austrovenus stutchburyi,NA,2012,NA,ViralProj277511
GCF_000955555.1,NA,"Dayaram,A., Goldstien,S., Arguello-Astorga,G.R., Zawar-Reza,P., Gomez,C., Harding,J.S., Varsani,A., Arguello Astorga,G.R.",2015-03-17T13:01:31Z,AHEaCV-16-NZ-2991SG-2012,Avon-Heathcote Estuary associated circular virus 16,NA,Circoviridae,ssDNA(+/-),RefSeq,NA,NA,1,New Zealand,New Zealand,NA,NA,NA,2012,NA,ViralProj277507
GCF_000955495.1,NA,"Dayaram,A., Goldstien,S., Arguello-Astorga,G.R., Zawar-Reza,P., Gomez,C., Harding,J.S., Varsani,A., Arguello Astorga,G.R.",2015-03-17T13:01:26Z,AHEaCV-27-NZ-2332TU-2012,Avon-Heathcote Estuary associated circular virus 27,NA,Circoviridae,ssDNA(+/-),RefSeq,NA,NA,1,New Zealand,New Zealand,NA,Paphies subtriangulata,NA,2012,NA,ViralProj277492
GCF_000955275.1,NA,"Dayaram,A., Goldstien,S., Arguello-Astorga,G.R., Zawar-Reza,P., Gomez,C., Harding,J.S., Varsani,A., Arguello Astorga,G.R.",2015-03-17T13:01:04Z,AHEaCV-8-NZ-2216TU-2012,Avon-Heathcote Estuary associated circular virus 8,NA,Circoviridae,ssDNA(+/-),RefSeq,NA,NA,1,New Zealand,New Zealand,NA,Paphies subtriangulata,NA,2012,NA,ViralProj277520
GCF_000955295.1,NA,"Dayaram,A., Goldstien,S., Arguello-Astorga,G.R., Zawar-Reza,P., Gomez,C., Harding,J.S., Varsani,A., Arguello Astorga,G.R.",2015-03-17T13:01:02Z,AHEaCV-4-NZ-3049C1-2012,Avon-Heathcote Estuary associated circular virus 4,NA,Circoviridae,ssDNA(+/-),RefSeq,NA,NA,1,New Zealand,New Zealand,NA,Austrovenus stutchburyi,NA,2012,NA,ViralProj277524
GCF_000955235.1,NA,"Dayaram,A., Goldstien,S., Arguello-Astorga,G.R., Zawar-Reza,P., Gomez,C., Harding,J.S., Varsani,A., Arguello Astorga,G.R.",2015-03-17T13:00:50Z,AHEaCV-11-NZ-2256TU-2012,Avon-Heathcote Estuary associated circular virus 11,NA,Circoviridae,ssDNA(+/-),RefSeq,NA,NA,1,New Zealand,New Zealand,NA,Paphies subtriangulata,NA,2012,NA,ViralProj277512
GCF_000955195.1,NA,"Dayaram,A., Goldstien,S., Arguello-Astorga,G.R., Zawar-Reza,P., Gomez,C., Harding,J.S., Varsani,A., Arguello Astorga,G.R.",2015-03-17T13:00:47Z,AHEaCV-19-NZ-4942GA-2012,Avon-Heathcote Estuary associated circular virus 19,NA,Circoviridae,ssDNA(+/-),RefSeq,NA,NA,1,New Zealand,New Zealand,NA,Amphibola crenata,NA,2012,NA,ViralProj277501
GCF_000955215.1,NA,"Dayaram,A., Goldstien,S., Arguello-Astorga,G.R., Zawar-Reza,P., Gomez,C., Harding,J.S., Varsani,A., Arguello Astorga,G.R.",2015-03-17T13:00:38Z,AHEaCV-15-NZ-2320TU-2012,Avon-Heathcote Estuary associated circular virus 15,NA,Circoviridae,ssDNA(+/-),RefSeq,NA,NA,1,New Zealand,New Zealand,NA,Paphies subtriangulata,NA,2012,NA,ViralProj277508
GCF_000955175.1,NA,"Dayaram,A., Goldstien,S., Arguello-Astorga,G.R., Zawar-Reza,P., Gomez,C., Harding,J.S., Varsani,A., Arguello Astorga,G.R.",2015-03-17T13:00:36Z,AHEaCV-22-NZ-2138TU-2012,Avon-Heathcote Estuary associated circular virus 22,NA,Circoviridae,ssDNA(+/-),RefSeq,NA,NA,1,New Zealand,New Zealand,NA,Paphies subtriangulata,NA,2012,NA,ViralProj277497
GCF_000955155.1,NA,"Dayaram,A., Goldstien,S., Arguello-Astorga,G.R., Zawar-Reza,P., Gomez,C., Harding,J.S., Varsani,A., Arguello Astorga,G.R.",2015-03-17T13:00:29Z,AHEaCV-26-NZ-2311TU-2012,Avon-Heathcote Estuary associated circular virus 26,NA,Circoviridae,ssDNA(+/-),RefSeq,NA,NA,1,New Zealand,New Zealand,NA,Paphies subtriangulata,NA,2012,NA,ViralProj277493
GCF_000954915.1,NA,"Dayaram,A., Goldstien,S., Arguello-Astorga,G.R., Zawar-Reza,P., Gomez,C., Harding,J.S., Varsani,A., Arguello Astorga,G.R.",2015-03-17T12:59:55Z,AHEaCV-6-NZ-2194TU-2012,Avon-Heathcote Estuary associated circular virus 6,NA,Circoviridae,ssDNA(+/-),RefSeq,NA,NA,1,New Zealand,New Zealand,NA,Paphies subtriangulata,NA,2012,NA,ViralProj277522
GCF_000954875.1,NA,"Dayaram,A., Goldstien,S., Arguello-Astorga,G.R., Zawar-Reza,P., Gomez,C., Harding,J.S., Varsani,A., Arguello Astorga,G.R.",2015-03-17T12:59:36Z,AHEaCV-1-NZ-2981C1-2012,Avon-Heathcote Estuary associated circular virus 1,NA,Circoviridae,ssDNA(+/-),RefSeq,NA,NA,1,New Zealand,New Zealand,NA,Austrovenus stutchburyi,NA,2012,NA,ViralProj277514
GCF_000954815.1,NA,"Dayaram,A., Goldstien,S., Arguello-Astorga,G.R., Zawar-Reza,P., Gomez,C., Harding,J.S., Varsani,A., Arguello Astorga,G.R.",2015-03-17T12:59:33Z,AHEaCV-20-NZ-2283TU-2012,Avon-Heathcote Estuary associated circular virus 20,NA,Circoviridae,ssDNA(+/-),RefSeq,NA,NA,1,New Zealand,New Zealand,NA,Paphies subtriangulata,NA,2012,NA,ViralProj277499
GCF_000954855.1,NA,"Dayaram,A., Goldstien,S., Arguello-Astorga,G.R., Zawar-Reza,P., Gomez,C., Harding,J.S., Varsani,A., Arguello Astorga,G.R.",2015-03-17T12:59:31Z,AHEaCV-13-NZ-1986SG-2012,Avon-Heathcote Estuary associated circular virus 13,NA,Circoviridae,ssDNA(+/-),RefSeq,NA,NA,1,New Zealand,New Zealand,NA,NA,NA,2012,NA,ViralProj277510
GCF_000954835.1,NA,"Dayaram,A., Goldstien,S., Arguello-Astorga,G.R., Zawar-Reza,P., Gomez,C., Harding,J.S., Varsani,A., Arguello Astorga,G.R.",2015-03-17T12:59:25Z,AHEaCV-17-NZ-2032CO-2012,Avon-Heathcote Estuary associated circular virus 17,NA,Circoviridae,ssDNA(+/-),RefSeq,NA,NA,1,New Zealand,New Zealand,NA,Austrovenus stutchburyi,NA,2012,NA,ViralProj277506
GCF_000954795.1,NA,"Dayaram,A., Goldstien,S., Arguello-Astorga,G.R., Zawar-Reza,P., Gomez,C., Harding,J.S., Varsani,A., Arguello Astorga,G.R.",2015-03-17T12:59:22Z,AHEaCV-24-NZ-2183TU-2913,Avon-Heathcote Estuary associated circular virus 24,NA,Circoviridae,ssDNA(+/-),RefSeq,NA,NA,1,New Zealand,New Zealand,NA,Paphies subtriangulata,NA,2012,NA,ViralProj277495
GCF_000954775.1,NA,"Dayaram,A., Goldstien,S., Arguello-Astorga,G.R., Zawar-Reza,P., Gomez,C., Harding,J.S., Varsani,A., Arguello Astorga,G.R.",2015-03-17T12:59:19Z,AHEaCV-28-NZ-2208TU-2012,Avon-Heathcote Estuary associated circular virus 28,NA,Circoviridae,ssDNA(+/-),RefSeq,NA,NA,1,New Zealand,New Zealand,NA,Paphies subtriangulata,NA,2012,NA,ViralProj277491
GCF_000954555.1,NA,"Dayaram,A., Goldstien,S., Arguello-Astorga,G.R., Zawar-Reza,P., Gomez,C., Harding,J.S., Varsani,A., Arguello Astorga,G.R.",2015-03-17T12:58:46Z,AHEaCV-7-NZ-3107C3-2012,Avon-Heathcote Estuary associated circular virus 7,NA,Circoviridae,ssDNA(+/-),RefSeq,NA,NA,1,New Zealand,New Zealand,NA,Austrovenus stutchburyi,NA,2012,NA,ViralProj277521
GCF_000954575.1,NA,"Dayaram,A., Goldstien,S., Arguello-Astorga,G.R., Zawar-Reza,P., Gomez,C., Harding,J.S., Varsani,A., Arguello Astorga,G.R.",2015-03-17T12:58:46Z,AHEaCV-3-NZ-3030C2-2012,Avon-Heathcote Estuary associated circular virus 3,NA,Circoviridae,ssDNA(+/-),RefSeq,NA,NA,1,New Zealand,New Zealand,NA,Austrovenus stutchburyi,NA,2012,NA,ViralProj277525
GCF_000954515.1,NA,"Dayaram,A., Goldstien,S., Arguello-Astorga,G.R., Zawar-Reza,P., Gomez,C., Harding,J.S., Varsani,A., Arguello Astorga,G.R.",2015-03-17T12:58:40Z,AHEaCV-10-NZ-2599SG-2012,Avon-Heathcote Estuary associated circular virus 10,NA,Circoviridae,ssDNA(+/-),RefSeq,NA,NA,1,New Zealand,New Zealand,NA,NA,NA,2012,NA,ViralProj277513
GCF_000954495.1,NA,"Dayaram,A., Goldstien,S., Arguello-Astorga,G.R., Zawar-Reza,P., Gomez,C., Harding,J.S., Varsani,A., Arguello Astorga,G.R.",2015-03-17T12:58:32Z,AHEaCV-14-NZ-2438TU-2012,Avon-Heathcote Estuary associated circular virus 14,NA,Circoviridae,ssDNA(+/-),RefSeq,NA,NA,1,New Zealand,New Zealand,NA,Paphies subtriangulata,NA,2012,NA,ViralProj277509
GCF_000954455.1,NA,"Dayaram,A., Goldstien,S., Arguello-Astorga,G.R., Zawar-Reza,P., Gomez,C., Harding,J.S., Varsani,A., Arguello Astorga,G.R.",2015-03-17T12:58:23Z,AHEaCV-21-NZ-2050TU-2012,Avon-Heathcote Estuary associated circular virus 21,NA,Circoviridae,ssDNA(+/-),RefSeq,NA,NA,1,New Zealand,New Zealand,NA,Paphies subtriangulata,NA,2012,NA,ViralProj277498
GCF_000954435.1,NA,"Dayaram,A., Goldstien,S., Arguello-Astorga,G.R., Zawar-Reza,P., Gomez,C., Harding,J.S., Varsani,A., Arguello Astorga,G.R.",2015-03-17T12:58:22Z,AHEaCV-25-NZ-1935SG-2012,Avon-Heathcote Estuary associated circular virus 25,NA,Circoviridae,ssDNA(+/-),RefSeq,NA,NA,1,New Zealand,New Zealand,NA,NA,NA,2012,NA,ViralProj277494
GCF_000954415.1,NA,"Dayaram,A., Goldstien,S., Arguello-Astorga,G.R., Zawar-Reza,P., Gomez,C., Harding,J.S., Varsani,A., Arguello Astorga,G.R.",2015-03-17T12:58:18Z,AHEaCV-29-NZ-1590TU-2012,Avon-Heathcote Estuary associated circular virus 29,NA,Circoviridae,ssDNA(+/-),RefSeq,NA,NA,1,New Zealand,New Zealand,NA,Paphies subtriangulata,NA,2012,NA,ViralProj277490
GCF_000943745.1,NA,"Garigliany,M.M., Borstler,J., Jost,H., Badusche,M., Desmecht,D., Schmidt-Chanasit,J., Cadar,D., Garigliany,M.",2015-03-04T11:05:34Z,NA,Mosquito circovirus,NA,Circoviridae,ssDNA(+/-),RefSeq,NA,NA,1,Germany,Germany,NA,Aedes vexans,NA,2013,NA,ViralProj276254
GCF_000930515.1,NA,"Lima,F.E., Cibulski,S.P., Dos Santos,H.F., Teixeira,T.F., Varela,A.P., Roehe,P.M., Delwart,E., Franco,A.C., Lima,F.E.S.",2015-02-22T19:11:31Z,cluster II,Bat associated cyclovirus 12,Cyclovirus,Circoviridae,ssDNA(+/-),RefSeq,NA,NA,1,Brazil,Brazil,NA,Chiroptera,feces,2012-02-13,NA,ViralProj268862
GCF_000929875.1,NA,"Lima,F.E., Cibulski,S.P., Dos Santos,H.F., Teixeira,T.F., Varela,A.P., Roehe,P.M., Delwart,E., Franco,A.C., Lima,F.E.S.",2015-02-22T19:11:10Z,cluster VI,Bat associated cyclovirus 10,Cyclovirus,Circoviridae,ssDNA(+/-),RefSeq,NA,NA,1,Brazil,Brazil,NA,Chiroptera,feces,2012-02-13,NA,ViralProj268861
GCF_000929675.1,NA,"Shan,T., Li,L., Simmonds,P., Wang,C., Moeser,A., Delwart,E.",2015-02-22T19:11:00Z,NA,Po-Circo-like virus 41,NA,Circoviridae,ssDNA(+/-),RefSeq,NA,NA,1,USA,USA,NA,Sus scrofa,feces,2010,NA,ViralProj268201
GCF_000929015.1,NA,"Woo,P.C., Lau,S.K., Teng,J.L., Tsang,A.K., Joseph,M., Wong,E.Y., Tang,Y., Sivakumar,S., Bai,R., Wernery,R., Wernery,U., Yuen,K.Y., Woo,P.C.Y., Lau,S.K.P., Teng,J.L.L., Tsang,A.K.L., Wong,E.Y.M., Yuen,K.-Y.",2015-02-22T19:10:22Z,DcSCV_c954,Dromedary stool-associated circular ssDNA virus,NA,Circoviridae,ssDNA(+/-),RefSeq,NA,NA,1,United Arab Emirates,United Arab Emirates,NA,Camelus bactrianus,NA,2013,NA,ViralProj271034
GCF_000928635.1,NA,"Shan,T., Li,L., Simmonds,P., Wang,C., Moeser,A., Delwart,E.",2015-02-22T19:09:57Z,NA,Po-Circo-like virus 51,NA,Circoviridae,ssDNA(+/-),RefSeq,NA,NA,1,USA,USA,NA,Sus scrofa,feces,2010,NA,ViralProj268200
GCF_000927735.1,NA,"Shan,T., Li,L., Simmonds,P., Wang,C., Moeser,A., Delwart,E.",2015-02-22T19:08:40Z,NA,Po-Circo-like virus,NA,Circoviridae,ssDNA(+/-),RefSeq,NA,NA,1,USA,USA,NA,Sus scrofa,feces,2010,NA,ViralProj268176
GCF_000926895.1,NA,"Zhang,W., Li,L., Deng,X., Kapusinszky,B., Delwart,E.",2015-02-22T19:07:45Z,NA,Circoviridae SFBeef,NA,Circoviridae,ssDNA(+/-),RefSeq,NA,NA,1,USA,USA,NA,NA,NA,2014,NA,ViralProj263032
GCF_000926295.1,NA,"Lorincz,M., Dan,A., Lang,M., Csaba,G., Toth,A.G., Szekely,C., Csagola,A., Tuboly,T.",2015-02-22T19:06:43Z,H5,European catfish circovirus,Circovirus,Circoviridae,ssDNA(+/-),RefSeq,NA,NA,1,Hungary,Hungary,NA,Silurus glanis,NA,2011-09-26,NA,ViralProj263599
GCF_000925995.1,NA,"Sasaki,M., Orba,Y., Ueno,K., Ishii,A., Moonga,L., Hang'ombe,B.M., Mweene,A.S., Ito,K., Sawa,H.",2015-02-22T19:05:58Z,NA,Cyclovirus ZM36a,Cyclovirus,Circoviridae,ssDNA(+/-),RefSeq,NA,NA,1,Zambia,Zambia,NA,Crocidura hirta,feces,2012-05,NA,ViralProj267266
GCF_000925255.1,NA,"Halami,M.Y., Nieper,H., Muller,H., Johne,R., Halami,Y.M., Mueller,H.",2015-02-22T19:03:23Z,H51,Swan circovirus,Circovirus,Circoviridae,ssDNA(+/-),RefSeq,NA,NA,1,Germany,Germany,NA,Cygnus olor,NA,2006,NA,ViralProj263507
GCF_000924015.1,NA,"Smits,S.L., Schapendonk,C.M., van Beek,J., Vennema,H., Schurch,A.C., Schipper,D., Bodewes,R., Haagmans,B.L., Osterhaus,A.D., Koopmans,M.P., Schapendonk,C.M.E., Osterhaus,A.D.M.E., Koopmans,M.",2015-02-22T19:02:23Z,VS6600022,Human circovirus VS6600022,Circovirus,Circoviridae,ssDNA(+/-),RefSeq,NA,NA,1,Netherlands,Netherlands,NA,Homo sapiens,feces,NA,NA,ViralProj257742
GCF_000923395.1,NA,"Zhang,W., Li,L., Deng,X., Kapusinszky,B., Pesavento,P.A., Delwart,E.",2015-02-22T19:02:04Z,NA,Feline associated cyclovirus 1,Cyclovirus,Circoviridae,ssDNA(+/-),RefSeq,NA,NA,1,USA,USA,NA,Felis catus,feces,2013-10,NA,ViralProj258099
GCF_000920575.1,NA,"Rosario,K., Marinov,M., Stainton,D., Kraberger,S., Wiltshire,E.J., Collings,D.A., Walters,M., Martin,D.P., Breitbart,M., Varsani,A., Rosario Cora,K., Wiltshire,E.",2015-02-22T18:58:23Z,DfCyV-A1_To-6NZ21-Tt-2010,Dragonfly associated cyclovirus 1,Cyclovirus,Circoviridae,ssDNA(+/-),RefSeq,NA,NA,1,Tonga,Tonga,NA,Tholymis tillarga,NA,2010-04-15,NA,ViralProj243506
GCF_000920495.1,NA,"Rosario,K., Dayaram,A., Marinov,M., Ware,J., Kraberger,S., Stainton,D., Breitbart,M., Varsani,A.",2015-02-22T18:58:06Z,PR-6E-2010,Dragonfly associated cyclovirus 5,Cyclovirus,Circoviridae,ssDNA(+/-),RefSeq,NA,NA,1,Puerto Rico: Guanica,USA,NA,Erythrodiplax umbrata,NA,2010-11-24,NA,ViralProj243274
GCF_000919715.1,NA,"Sikorski,A., Dayaram,A., Varsani,A.",2015-02-22T18:56:43Z,as50,Fur seal faeces associated circular DNA virus,NA,Circoviridae,ssDNA(+/-),RefSeq,NA,NA,1,New Zealand,New Zealand,NA,Arctocephalus forsteri,feces,2012-10,NA,ViralProj243502
GCF_000919675.1,NA,"Cheung,A.K., Ng,T.F., Lager,K.M., Alt,D.P., Delwart,E.L., Pogranichniy,R.M.",2015-02-22T18:56:41Z,CP3,Porcine stool-associated circular virus 5,NA,Circoviridae,ssDNA(+/-),RefSeq,NA,NA,1,USA,USA,NA,Sus scrofa,feces,2011,NA,ViralProj243494
GCF_000919035.1,NA,"Cheung,A.K., Ng,T.F., Lager,K.M., Alt,D.P., Delwart,E.L., Pogranichniy,R.M.",2015-02-22T18:55:15Z,CP2,Porcine stool-associated circular virus 4,NA,Circoviridae,ssDNA(+/-),RefSeq,NA,NA,1,USA,USA,NA,Sus scrofa,feces,2011,NA,ViralProj243495
GCF_000919015.1,NA,"Rosario,K., Dayaram,A., Marinov,M., Ware,J., Kraberger,S., Stainton,D., Breitbart,M., Varsani,A.",2015-02-22T18:55:12Z,FL1-NZ38-2010,Dragonfly associated cyclovirus 2,Cyclovirus,Circoviridae,ssDNA(+/-),RefSeq,NA,NA,1,"USA: St. Petersburg, Florida",USA,FL,Pantala flavescens,NA,2010-09-15,NA,ViralProj243277
GCF_000917995.1,NA,"Rosario,K., Dayaram,A., Marinov,M., Ware,J., Kraberger,S., Stainton,D., Breitbart,M., Varsani,A.",2015-02-22T18:53:53Z,FL2-5E-2010,Dragonfly associated cyclovirus 3,Cyclovirus,Circoviridae,ssDNA(+/-),RefSeq,NA,NA,1,"USA: St. Petersburg, Florida",USA,FL,Erythemis simplicicollis,NA,2010-09-19,NA,ViralProj243275
GCF_000918015.1,NA,"Lian,H., Liu,Y., Li,N., Wang,Y., Zhang,S., Hu,R.",2015-02-22T18:53:53Z,NA,Mink circovirus,Circovirus,Circoviridae,ssDNA(+/-),RefSeq,NA,NA,1,China,China,NA,Mustela lutreola,abdominal cavity,2013-10-30,NA,ViralProj243493
GCF_000915975.1,NA,"Doszpoly,A., Tarjan,Z.L., Glavits,R., Muller,T., Benko,M.",2015-02-22T18:51:24Z,Ba1,Anguilla anguilla circovirus,Circovirus,Circoviridae,ssDNA(+/-),RefSeq,NA,NA,1,Hungary,Hungary,NA,Anguilla anguilla,NA,2009-09-21,NA,ViralProj237138
GCF_000913915.1,NA,"Pham,H.T., Yu,Q., Boisvert,M., Van,H.T., Bergoin,M., Tijssen,P., Pham,H., Vanh,H.",2015-02-22T18:49:55Z,VN11,Penaeus monodon circovirus VN11,Circovirus,Circoviridae,ssDNA(+/-),RefSeq,NA,NA,1,Viet Nam,Viet Nam,NA,Penaeus monodon,NA,2012-09-09,NA,ViralProj229825
GCF_000908835.1,NA,"Smits,S.L., Zijlstra,E.E., van Hellemond,J.J., Schapendonk,C.M., Bodewes,R., Schurch,A.C., Haagmans,B.L., Osterhaus,A.D., Hellemond,J., Schapendonk,C.M.E., Schurch,A., Zijlstra,E., Osterhaus,A.D.M.E.",2015-02-22T18:41:55Z,VS5700009,Human associated cyclovirus 9,Cyclovirus,Circoviridae,ssDNA(+/-),RefSeq,NA,NA,1,Malawi,Malawi,NA,Homo sapiens,blood,NA,NA,ViralProj209365
GCF_000908355.1,NA,"He,B., Li,Z., Yang,F., Zheng,J., Feng,Y., Guo,H., Li,Y., Wang,Y., Su,N., Zhang,F., Fan,Q., Tu,C.",2015-02-22T18:41:18Z,XOR7,Bat associated circovirus 2,Circovirus,Circoviridae,ssDNA(+/-),RefSeq,NA,NA,1,Myanmar,Myanmar,NA,Rhinolophus ferrumequinum,NA,2008-11,NA,ViralProj202887
GCF_000906535.1,NA,"Dunlap,D.S., Ng,T.F., Rosario,K., Barbosa,J.G., Greco,A.M., Breitbart,M., Hewson,I., Dunlap,D., Ng,T.F.F., Barbosa,J.",2015-02-22T18:39:48Z,NA,Labidocera aestiva circovirus,Circovirus,Circoviridae,ssDNA(+/-),RefSeq,NA,NA,1,USA: Tampa Bay,USA,FL,Labidocera aestiva,NA,2009-04,NA,ViralProj186433
GCF_000906275.1,NA,"Li,L., McGraw,S., Zhu,K., Leutenegger,C.M., Marks,S.L., Kubiski,S., Gaffney,P., Dela Cruz,F.N. Jr., Wang,C., Delwart,E., Pesavento,P.A., Pesavento,P.",2015-02-22T18:39:34Z,UCD1-1698,Canine circovirus,Circovirus,Circoviridae,ssDNA(+/-),RefSeq,NA,NA,1,USA,USA,NA,Canis lupus familiaris,liver,2011-10,NA,ViralProj196432
GCF_000905135.1,NA,"Padilla-Rodriguez,M., Rosario,K., Breitbart,M.",2015-02-22T18:38:39Z,GS140,Cockroach associated cyclovirus 1,Cyclovirus,Circoviridae,ssDNA(+/-),RefSeq,NA,NA,1,"USA: Tarpon Springs, Florida",USA,FL,Blattodea,NA,2011-02-20,NA,ViralProj188548
GCF_000905055.1,NA,"Dunlap,D.S., Ng,T.F., Rosario,K., Barbosa,J.G., Greco,A.M., Breitbart,M., Hewson,I., Dunlap,D.",2015-02-22T18:38:38Z,154_D11,Acartia tonsa copepod circovirus,Circovirus,Circoviridae,ssDNA(+/-),RefSeq,NA,NA,1,"USA: Tampa Bay, FL",USA,FL,Acartia tonsa,NA,2010-06-20,NA,ViralProj186432
GCF_000892615.1,NA,"Lorincz,M., Csagola,A., Farkas,S.L., Szekely,C., Tuboly,T., Farkas,S.",2015-02-22T18:16:10Z,NA,Barbel circovirus,Circovirus,Circoviridae,ssDNA(+/-),RefSeq,NA,NA,1,Hungary,Hungary,NA,Barbus barbus,NA,2008-07-02,NA,ViralProj65821
GCF_000891475.1,NA,"Li,L., Shan,T., Soji,O.B., Alam,M.M., Kunz,T.H., Zaidi,S.Z., Delwart,E.",2015-02-22T18:14:47Z,PKgoat11,Goat associated cyclovirus 1,Cyclovirus,Circoviridae,ssDNA(+/-),RefSeq,NA,NA,1,Pakistan,Pakistan,NA,Capra hircus,NA,2009,NA,ViralProj61949
GCF_000890515.1,NA,"Li,L., Shan,T., Soji,O.B., Alam,M.M., Kunz,T.H., Zaidi,S.Z., Delwart,E.",2015-02-22T18:13:41Z,CyCV-TB,Bat associated cyclovirus 5,Cyclovirus,Circoviridae,ssDNA(+/-),RefSeq,NA,NA,1,USA,USA,NA,Chiroptera,muscle,2009,NA,ViralProj61951
GCF_000889655.1,NA,"Li,L., Shan,T., Soji,O.B., Alam,M.M., Kunz,T.H., Zaidi,S.Z., Delwart,E.",2015-02-22T18:12:47Z,PKgoat21,Cyclovirus PKgoat21/PAK/2009,Cyclovirus,Circoviridae,ssDNA(+/-),RefSeq,NA,NA,1,Pakistan,Pakistan,NA,Capra hircus,muscle,2009,NA,ViralProj61947
GCF_000888095.1,NA,"Gagnon,C.A., Music,N., Fontaine,G., Tremblay,D., Harel,J.",2015-02-22T18:11:10Z,FMV08-1114252,Porcine circovirus type 1/2a,Circovirus,Circoviridae,ssDNA(+/-),RefSeq,NA,NA,1,Canada,Canada,NA,Sus scrofa,NA,2008-09,NA,ViralProj45807
GCF_000887995.1,NA,"Li,L., Shan,T., Soji,O.B., Alam,M.M., Kunz,T.H., Zaidi,S.Z., Delwart,E.",2015-02-22T18:10:58Z,NGchicken15,Chicken associated cyclovirus 1,Cyclovirus,Circoviridae,ssDNA(+/-),RefSeq,NA,NA,1,Nigeria,Nigeria,NA,Gallus gallus,muscle,2009,NA,ViralProj61953
GCF_000870205.1,NA,"Todd,D., Scott,A.N., Fringuelli,E., Shivraprasad,H.L., Gavier-Widen,D., Smyth,J.A., Scott,A.N.J.",2015-02-13T08:33:18Z,NA,Gull circovirus,Circovirus,Circoviridae,ssDNA(+/-),RefSeq,NA,NA,1,NA,NA,NA,Laridae,NA,NA,NA,ViralProj18019
GCF_000869525.1,NA,"Todd,D., Scott,A.N., Fringuelli,E., Shivraprasad,H.L., Gavier-Widen,D., Smyth,J.A., Scott,A.N.J.",2015-02-13T08:32:08Z,NA,Finch circovirus,Circovirus,Circoviridae,ssDNA(+/-),RefSeq,NA,NA,1,NA,NA,NA,Fringillidae,NA,NA,NA,ViralProj18021
GCF_000869425.1,NA,"Stewart,M.E., Perry,R., Raidal,S.R.",2015-02-13T08:31:49Z,4-1131,Raven circovirus,Circovirus,Circoviridae,ssDNA(+/-),RefSeq,NA,NA,1,Australia,Australia,NA,Corvus coronoides,NA,NA,NA,ViralProj17773
GCF_000868125.1,NA,"Johne,R., Fernandez-de-Luco,D., Hofle,U., Muller,H.",2015-02-13T08:29:26Z,NA,Starling circovirus,Circovirus,Circoviridae,ssDNA(+/-),RefSeq,NA,NA,1,NA,NA,NA,Sturnus vulgaris,NA,NA,NA,ViralProj16796
GCF_000864045.1,NA,"Banda,A., Galloway-Haskins,R.I., Sandhu,T.S., Schat,K.A.",2015-02-13T08:24:28Z,33753-52,Duck circovirus,Circovirus,Circoviridae,ssDNA(+/-),RefSeq,NA,NA,1,USA,USA,NA,Anas platyrhynchos,NA,NA,NA,ViralProj15558
GCF_000862765.1,NA,"Exel,B., Sipos,W., Schmoll,F.",2015-02-13T08:22:52Z,AUT1,Porcine circovirus 2,Circovirus,Circoviridae,ssDNA(+/-),RefSeq,NA,NA,NA,NA,NA,NA,NA,NA,NA,NA,ViralProj15442
GCF_000849785.1,NA,"Hattermann,K., Schmitt,C., Soike,D., Mankertz,A.",2015-02-12T16:42:53Z,NA,Duck circovirus,Circovirus,Circoviridae,ssDNA(+/-),RefSeq,NA,NA,1,NA,NA,NA,NA,NA,NA,NA,ViralProj14619
GCF_000846785.1,NA,"Todd,D., Weston,J., Ball,N.W., Borghmans,B.J., Smyth,J.A., Gelmini,L., Lavazza,A., Phenix,K.V., Weston,J.H., Ypelaar,I.B., Raidal,S.R.",2015-02-12T16:39:08Z,NA,Canary circovirus,Circovirus,Circoviridae,ssDNA(+/-),RefSeq,NA,NA,1,NA,NA,NA,Serinus canaria,NA,NA,NA,ViralProj14513
GCF_000846025.1,NA,"Chen,C.L., Wang,P.X., Lee,M.S., Shien,J.H., Shien,H.K., Ou,S.J., Chen,C.H., Chang,P.C., Ou,S.C.",2015-02-12T16:38:26Z,TC1/2002,Duck circovirus,Circovirus,Circoviridae,ssDNA(+/-),RefSeq,NA,NA,1,NA,NA,NA,NA,NA,NA,NA,ViralProj14543
GCF_000843885.1,NA,"Mankertz,A., Hattermann,K., Ehlers,B., Soike,D.",2015-02-12T16:36:54Z,NA,Pigeon circovirus,Circovirus,Circoviridae,ssDNA(+/-),RefSeq,NA,NA,1,NA,NA,NA,Columbidae,NA,NA,NA,ViralProj14437
GCF_000843965.1,NA,"Niagro,F.D., Forsthoefel,A.N., Lawther,R.P., Kamalanathan,L., Ritchie,B.W., Latimer,K.S., Lukert,P.D.",2015-02-12T16:36:48Z,NA,Beak and feather disease virus,Circovirus,Circoviridae,ssDNA(+/-),RefSeq,NA,NA,1,NA,NA,NA,NA,NA,NA,NA,ViralProj14453
GCF_000837765.1,NA,"Niagro,F.D., Forsthoefel,A.N., Lawther,R.P., Kamalanathan,L., Ritchie,B.W., Latimer,K.S., Lukert,P.D.",2015-02-12T16:31:21Z,NA,Porcine circovirus 1,Circovirus,Circoviridae,ssDNA(+/-),RefSeq,NA,NA,1,NA,NA,NA,NA,NA,NA,NA,ViralProj14053
GCF_000837325.1,NA,"Todd,D., Weston,J.H., Soike,D., Smyth,J.A.",2015-02-12T16:30:12Z,NA,Goose circovirus,Circovirus,Circoviridae,ssDNA(+/-),RefSeq,NA,NA,1,Germany,Germany,NA,Anser sp.,NA,NA,NA,ViralProj14125
